{
  "attackIndex": 117,
  "attackName": "Absorb",
  "attackType": "Grass",
  "attackCategory": "SPECIAL",
  "basePower": 20,
  "ppBase": 25,
  "ppMax": 40,
  "accuracy": 100,
  "makesContact": false,
  "effects": [
    {
      "drainPercent": 50,
      "modifiers": [],
      "persists": false,
      "effectTypeID": "Drain"
    }
  ],
  "animations": [
    {
		"id": "stationary",
		"effects": {
			"0": {
				"id": "beam",
				"inverted": true,
				"scale": 0.2,
				"texture": "NORMAL",
				"speed": 0.2
			}
		}
	}
  ],
  "targetingInfo": {
    "hitsAll": false,
    "hitsOppositeFoe": true,
    "hitsAdjacentFoe": true,
    "hitsExtendedFoe": false,
    "hitsSelf": false,
    "hitsAdjacentAlly": true,
    "hitsExtendedAlly": false
  },
  "z": [
    {
      "crystal": "grassium_z",
      "attackName": "Bloom Doom",
      "basePower": 100,
      "effects": [],
      "allowedPokemon": []
    }
  ]
}
