{
  "pixelmonName": "Example-Pikachu",
  "pokemon": "Example-Pikachu",
  "form": 0,
  "stats": {
    "HP": 35,
    "Attack": 55,
    "Defence": 40,
    "Speed": 90,
    "SpecialAttack": 50,
    "SpecialDefence": 50
  },
  "catchRate": 190,
  "malePercent": 50,
  "spawnLevel": 6,
  "spawnLevelRange": 44,
  "baseExp": 82,
  "baseFriendship": 70,
  "types": [
    "Electric"
  ],
  "height": 0.4,
  "isRideable": false,
  "canFly": false,
  "canSurf": false,
  "preEvolutions": [
    "Pichu"
  ],
  "experienceGroup": "MediumFast",
  "aggression": {
    "timid": 80,
    "passive": 0,
    "aggressive": 20
  },
  "spawnLocations": [
    "Land"
  ],
  "evYields": {
    "Speed": 2
  },
  "weight": 6.0,
  "bounding_box": {
    "width": 0.35,
    "height": 0.55,
    "eye_height": 0.4
  },
  "evolutions": [
    {
      "item": {
        "itemID": "pixelmon:thunder_stone"
      },
      "to": {
        "name": "Raichu",
        "form": 1
      },
      "conditions": [
        {
          "withPokemon": [],
          "withTypes": [],
          "withForms": [
            "ALOLAN"
          ],
          "evoConditionType": "party"
        }
      ],
      "evoType": "interact",
      "moves": [
        "Psychic"
      ]
    },
    {
      "item": {
        "itemID": "pixelmon:thunder_stone"
      },
      "to": {
        "name": "Raichu",
        "form": 0
      },
      "conditions": [],
      "evoType": "interact",
      "moves": [
        "Thunder Punch"
      ]
    }
  ],
  "abilities": [
    "Static",
    null,
    "LightningRod"
  ],
  "eggGroups": [
    "Field",
    "Fairy"
  ],
  "eggCycles": 21,
  "levelUpMoves": {
    "0": [
      "Charm",
      "Growl",
      "Nasty Plot",
      "Nuzzle",
      "Play Nice",
      "Quick Attack",
      "Sweet Kiss",
      "Tail Whip",
      "Thunder Shock"
    ],
    "4": [
      "Thunder Wave"
    ],
    "8": [
      "Double Team"
    ],
    "12": [
      "Electro Ball"
    ],
    "16": [
      "Feint"
    ],
    "20": [
      "Spark"
    ],
    "24": [
      "Agility"
    ],
    "28": [
      "Slam"
    ],
    "32": [
      "Discharge"
    ],
    "36": [
      "Thunderbolt"
    ],
    "40": [
      "Light Screen"
    ],
    "44": [
      "Thunder"
    ]
  },
  "tutorMoves": [
    "Rising Voltage"
  ],
  "eggMoves": [
    "Charge",
    "Disarming Voice",
    "Fake Out",
    "Flail",
    "Present",
    "Tickle",
    "Wish"
  ],
  "transferMoves": [
    "Body Slam",
    "Captivate",
    "Counter",
    "Curse",
    "Defense Curl",
    "Detect",
    "Dig",
    "Double-Edge",
    "Draining Kiss",
    "Dynamic Punch",
    "Endeavor",
    "Flash",
    "Fly",
    "Flying Press",
    "Headbutt",
    "Icicle Crash",
    "Mega Kick",
    "Mega Punch",
    "Meteor Mash",
    "Mimic",
    "Mud-Slap",
    "Natural Gift",
    "Pain Split",
    "Pay Day",
    "Rage",
    "Reflect",
    "Rock Smash",
    "Rollout",
    "Secret Power",
    "Seismic Toss",
    "Skull Bash",
    "Strength",
    "Submission",
    "Surf",
    "Swift",
    "Take Down",
    "Zap Cannon"
  ],
  "hmMoves": [],
  "trMoves": [
    "Body Slam",
    "Surf",
    "Thunderbolt",
    "Thunder",
    "Agility",
    "Substitute",
    "Reversal",
    "Endure",
    "Sleep Talk",
    "Encore",
    "Iron Tail",
    "Uproar",
    "Nasty Plot",
    "Grass Knot",
    "Electro Ball",
    "Wild Charge",
    "Play Rough"
  ],
  "tmMoves8": [
    "Mega Punch",
    "Mega Kick",
    "Pay Day",
    "Thunder Punch",
    "Thunder Wave",
    "Dig",
    "Light Screen",
    "Reflect",
    "Rest",
    "Thief",
    "Snore",
    "Protect",
    "Charm",
    "Attract",
    "Rain Dance",
    "Facade",
    "Swift",
    "Helping Hand",
    "Brick Break",
    "Fling",
    "Round",
    "Volt Switch",
    "Electroweb",
    "Draining Kiss",
    "Electric Terrain"
  ],
  "tmMoves7": [
    "Toxic",
    "Hidden Power",
    "Light Screen",
    "Protect",
    "Rain Dance",
    "Frustration",
    "Thunderbolt",
    "Thunder",
    "Return",
    "Brick Break",
    "Double Team",
    "Facade",
    "Rest",
    "Attract",
    "Round",
    "Echoed Voice",
    "Fling",
    "Charge Beam",
    "Volt Switch",
    "Thunder Wave",
    "Grass Knot",
    "Swagger",
    "Sleep Talk",
    "Substitute",
    "Wild Charge",
    "Confide"
  ],
  "tmMoves6": [
    "Toxic",
    "Hidden Power",
    "Light Screen",
    "Protect",
    "Rain Dance",
    "Frustration",
    "Thunderbolt",
    "Thunder",
    "Return",
    "Dig",
    "Brick Break",
    "Double Team",
    "Facade",
    "Rest",
    "Attract",
    "Round",
    "Echoed Voice",
    "Fling",
    "Charge Beam",
    "Flash",
    "Volt Switch",
    "Thunder Wave",
    "Grass Knot",
    "Swagger",
    "Sleep Talk",
    "Substitute",
    "Wild Charge",
    "Secret Power",
    "Confide"
  ],
  "tmMoves5": [
    "Toxic",
    "Hidden Power",
    "Light Screen",
    "Protect",
    "Rain Dance",
    "Frustration",
    "Thunderbolt",
    "Thunder",
    "Return",
    "Dig",
    "Brick Break",
    "Double Team",
    "Facade",
    "Rest",
    "Attract",
    "Round",
    "Echoed Voice",
    "Fling",
    "Charge Beam",
    "Flash",
    "Volt Switch",
    "Thunder Wave",
    "Grass Knot",
    "Swagger",
    "Substitute",
    "Wild Charge",
    "Rock Smash"
  ],
  "tmMoves4": [
    "Focus Punch",
    "Toxic",
    "Hidden Power",
    "Light Screen",
    "Protect",
    "Rain Dance",
    "Frustration",
    "Iron Tail",
    "Thunderbolt",
    "Thunder",
    "Return",
    "Dig",
    "Brick Break",
    "Double Team",
    "Shock Wave",
    "Facade",
    "Secret Power",
    "Rest",
    "Attract",
    "Fling",
    "Charge Beam",
    "Endure",
    "Flash",
    "Thunder Wave",
    "Captivate",
    "Sleep Talk",
    "Natural Gift",
    "Grass Knot",
    "Swagger",
    "Substitute"
  ],
  "tmMoves3": [
    "Focus Punch",
    "Toxic",
    "Hidden Power",
    "Light Screen",
    "Protect",
    "Rain Dance",
    "Frustration",
    "Iron Tail",
    "Thunderbolt",
    "Thunder",
    "Return",
    "Dig",
    "Brick Break",
    "Double Team",
    "Shock Wave",
    "Facade",
    "Secret Power",
    "Rest",
    "Attract"
  ],
  "tmMoves2": [
    "Dynamic Punch",
    "Headbutt",
    "Curse",
    "Rollout",
    "Toxic",
    "Zap Cannon",
    "Hidden Power",
    "Snore",
    "Protect",
    "Rain Dance",
    "Endure",
    "Frustration",
    "Iron Tail",
    "Thunder",
    "Return",
    "Mud-Slap",
    "Double Team",
    "Swagger",
    "Sleep Talk",
    "Swift",
    "Defense Curl",
    "Thunder Punch",
    "Detect",
    "Rest",
    "Attract"
  ],
  "tmMoves1": [
    "Mega Punch",
    "Mega Kick",
    "Toxic",
    "Body Slam",
    "Take Down",
    "Double-Edge",
    "Pay Day",
    "Submission",
    "Seismic Toss",
    "Rage",
    "Thunderbolt",
    "Thunder",
    "Mimic",
    "Double Team",
    "Reflect",
    "Bide",
    "Swift",
    "Skull Bash",
    "Rest",
    "Thunder Wave",
    "Substitute"
  ],
  "forms": {}
}
